Estimated,Actual
1499.0270404815674,6.04179048538208
