Estimated,Actual
281.2556128501892,1.2441651821136475
